"BirdID","Pop","BillLength","Sex","geno","PopSex","geno_n"
"E509370","UK",13.3,"F","CT","UK (females)",2
"F464559","UK",13.7,"F","CT","UK (females)",2
"K578717","UK",12.9,"F","CC","UK (females)",3
"L312169","UK",13.1,"M","CT","UK (males)",2
"L312889","UK",12.2,"F","CC","UK (females)",3
"L315203","UK",13.7,"M","CT","UK (males)",2
"L315204","UK",13.3,"M","TT","UK (males)",1
"L808160","UK",13.5,"F","CT","UK (females)",2
"L808165","UK",13.5,"M","CT","UK (males)",2
"L809630","UK",12.1,"F","CT","UK (females)",2
"NC11333","UK",13.3,"F","CT","UK (females)",2
"NL1190","NL",11.92,"F","TT","NL (females)",1
"NL1191","NL",11.71,"F","TT","NL (females)",1
"NL1192","NL",11.7,"F","TT","NL (females)",1
"NL1193","NL",10.27,"F","CT","NL (females)",2
"NL1196","NL",12.11,"F","TT","NL (females)",1
"NL1197","NL",11.2,"F","TT","NL (females)",1
"NL1198","NL",11.53,"F","CT","NL (females)",2
"NL1199","NL",11.64,"F","CT","NL (females)",2
"NL1202","NL",11.44,"F","CT","NL (females)",2
"NL1206","NL",11.93,"F","CT","NL (females)",2
"NL1207","NL",11.5,"F","TT","NL (females)",1
"NL1208","NL",9.98,"F","TT","NL (females)",1
"NL1214","NL",12.07,"F","TT","NL (females)",1
"NL1216","NL",12.14,"F","CC","NL (females)",3
"NL1218","NL",12.81,"F","CT","NL (females)",2
"NL1225","NL",12.19,"F","CT","NL (females)",2
"NL1226","NL",11.83,"F","TT","NL (females)",1
"NL1228","NL",12.29,"F","TT","NL (females)",1
"NL1229","NL",10.62,"F","TT","NL (females)",1
"NL1232","NL",11.77,"F","TT","NL (females)",1
"NL1233","NL",10.65,"F","TT","NL (females)",1
"NL1234","NL",11.79,"F","TT","NL (females)",1
"NL1240","NL",11.36,"F","TT","NL (females)",1
"NL1244","NL",11.54,"F","TT","NL (females)",1
"NL1245","NL",11.25,"F","TT","NL (females)",1
"NL1277","NL",10.79,"F","CT","NL (females)",2
"NL1278","NL",11.6,"F","CT","NL (females)",2
"NL1281","NL",12.24,"F","CT","NL (females)",2
"NL1282","NL",13.27,"F","CT","NL (females)",2
"NL1284","NL",11.82,"F","CT","NL (females)",2
"NL1285","NL",11.65,"F","TT","NL (females)",1
"NL1286","NL",10.67,"F","TT","NL (females)",1
"NL1287","NL",11.74,"F","CT","NL (females)",2
"NL1289","NL",11.74,"F","CC","NL (females)",3
"NL1290","NL",11.96,"F","CT","NL (females)",2
"NL1303","NL",11.39,"F","CT","NL (females)",2
"NL1354","NL",11.33,"F","CT","NL (females)",2
"NL1376","NL",11.37,"F","TT","NL (females)",1
"NL1482","NL",11.55,"F","CT","NL (females)",2
"NL1552","NL",12.31,"F","TT","NL (females)",1
"NL1582","NL",11.81,"F","CT","NL (females)",2
"NL1606","NL",12.27,"F","TT","NL (females)",1
"NL1616","NL",11.61,"F","TT","NL (females)",1
"NL1617","NL",11.74,"F","TT","NL (females)",1
"NL1620","NL",12.07,"F","TT","NL (females)",1
"NL1633","NL",11.82,"F","CC","NL (females)",3
"NL1634","NL",11.22,"F","TT","NL (females)",1
"NL1639","NL",10.61,"F","TT","NL (females)",1
"NL1643","NL",11.46,"F","TT","NL (females)",1
"NL1647","NL",11.6,"F","TT","NL (females)",1
"NL1648","NL",11.7,"F","CC","NL (females)",3
"NL1658","NL",11.15,"F","TT","NL (females)",1
"NL1666","NL",11.9,"F","CT","NL (females)",2
"NL1681","NL",10.97,"F","CC","NL (females)",3
"NL1686","NL",11.46,"F","CT","NL (females)",2
"NL1692","NL",12.02,"F","TT","NL (females)",1
"NL1695","NL",11.99,"F","CT","NL (females)",2
"NL1697","NL",11.27,"F","TT","NL (females)",1
"NL1700","NL",11.81,"F","CT","NL (females)",2
"NL1702","NL",11.55,"F","TT","NL (females)",1
"NL1705","NL",11.83,"F","TT","NL (females)",1
"NL1708","NL",11.22,"F","CT","NL (females)",2
"NL1714","NL",12,"F","TT","NL (females)",1
"NL1715","NL",11.6,"F","TT","NL (females)",1
"NL1718","NL",11.53,"F","TT","NL (females)",1
"NL1721","NL",11.36,"F","CT","NL (females)",2
"NL1724","NL",10.89,"F","TT","NL (females)",1
"NL1726","NL",11.93,"F","CT","NL (females)",2
"NL1733","NL",11.79,"F","TT","NL (females)",1
"NL1736","NL",9.81,"F","CT","NL (females)",2
"NL1739","NL",11.82,"F","CT","NL (females)",2
"NL1742","NL",11.36,"F","TT","NL (females)",1
"NL1746","NL",11.34,"F","TT","NL (females)",1
"NL1751","NL",11.83,"F","TT","NL (females)",1
"NL1752","NL",13.14,"F","CT","NL (females)",2
"NL1763","NL",11.3,"F","TT","NL (females)",1
"NL1765","NL",11.82,"F","CT","NL (females)",2
"NL1769","NL",12.03,"F","TT","NL (females)",1
"NL1770","NL",11.88,"F","TT","NL (females)",1
"NL1771","NL",12.07,"F","TT","NL (females)",1
"NL1775","NL",11.85,"F","CT","NL (females)",2
"NL1776","NL",11.25,"F","TT","NL (females)",1
"NL1777","NL",11.54,"F","TT","NL (females)",1
"NL1782","NL",11.83,"F","TT","NL (females)",1
"NL1787","NL",11.55,"F","CT","NL (females)",2
"NL1803","NL",12.3,"F","TT","NL (females)",1
"NL2719","NL",12.55,"F","CT","NL (females)",2
"NL2722","NL",11.42,"F","CT","NL (females)",2
"NL2753","NL",13.2,"F","CT","NL (females)",2
"NL3180","NL",11.31,"F","TT","NL (females)",1
"NL3181","NL",11.26,"F","TT","NL (females)",1
"NL3185","NL",11.07,"F","TT","NL (females)",1
"NL3187","NL",11.41,"F","TT","NL (females)",1
"NL3188","NL",11.63,"F","CT","NL (females)",2
"NL3189","NL",11.16,"F","CT","NL (females)",2
"NL3190","NL",11.17,"F","CT","NL (females)",2
"NL3191","NL",11.33,"F","TT","NL (females)",1
"NL3192","NL",11.33,"F","TT","NL (females)",1
"NL3193","NL",11.67,"F","TT","NL (females)",1
"NL3194","NL",11.3,"F","TT","NL (females)",1
"NL3195","NL",11.56,"F","CT","NL (females)",2
"NL3196","NL",11.32,"F","TT","NL (females)",1
"NL3197","NL",11.36,"F","TT","NL (females)",1
"NL3199","NL",11.32,"F","CT","NL (females)",2
"NL3200","NL",11.34,"F","CT","NL (females)",2
"NL3201","NL",10.74,"F","TT","NL (females)",1
"NL3202","NL",11.47,"F","TT","NL (females)",1
"NL3203","NL",11.24,"F","TT","NL (females)",1
"NL3204","NL",11.18,"F","TT","NL (females)",1
"NL3205","NL",11.53,"F","TT","NL (females)",1
"NL3208","NL",11.64,"F","TT","NL (females)",1
"NL3212","NL",11.12,"F","TT","NL (females)",1
"NL3213","NL",11.34,"F","CT","NL (females)",2
"NL3214","NL",11.37,"F","TT","NL (females)",1
"NL3216","NL",11.45,"F","CT","NL (females)",2
"NL3218","NL",11.02,"F","CT","NL (females)",2
"NL3219","NL",11.46,"F","TT","NL (females)",1
"NL3220","NL",11.51,"F","TT","NL (females)",1
"NL3221","NL",11.12,"F","TT","NL (females)",1
"NL3224","NL",11.22,"F","TT","NL (females)",1
"NL3228","NL",11.21,"F","CT","NL (females)",2
"NL3230","NL",10.97,"F","TT","NL (females)",1
"NL3236","NL",11.64,"F","TT","NL (females)",1
"NL3238","NL",11.52,"F","TT","NL (females)",1
"NL3240","NL",11.63,"F","CT","NL (females)",2
"NL3247","NL",11.24,"F","TT","NL (females)",1
"NL3248","NL",12.09,"F","CT","NL (females)",2
"NL3249","NL",10.86,"F","CT","NL (females)",2
"NL3250","NL",11.38,"F","TT","NL (females)",1
"NL3251","NL",11.75,"F","TT","NL (females)",1
"NL3252","NL",11.05,"F","TT","NL (females)",1
"NL3253","NL",11.87,"F","CT","NL (females)",2
"NL3254","NL",12.21,"F","CT","NL (females)",2
"NL3255","NL",11.54,"F","CT","NL (females)",2
"NL3257","NL",11.24,"F","CT","NL (females)",2
"NL3258","NL",11.23,"F","TT","NL (females)",1
"NL3265","NL",11.3,"F","TT","NL (females)",1
"NL3266","NL",11.65,"F","TT","NL (females)",1
"NL3267","NL",11.79,"F","CT","NL (females)",2
"NL3269","NL",10.87,"F","TT","NL (females)",1
"NL3270","NL",12.08,"F","TT","NL (females)",1
"NL3271","NL",11.37,"F","CT","NL (females)",2
"NL3272","NL",11.75,"F","CC","NL (females)",3
"NL3277","NL",10.97,"F","TT","NL (females)",1
"NL3280","NL",13.14,"F","TT","NL (females)",1
"NL3282","NL",11.16,"F","CT","NL (females)",2
"NL3283","NL",11.47,"F","CT","NL (females)",2
"NL3284","NL",11.85,"F","CT","NL (females)",2
"NL3285","NL",11.59,"F","TT","NL (females)",1
"NL3286","NL",11.11,"F","CT","NL (females)",2
"NL3287","NL",12.38,"F","CT","NL (females)",2
"NL3291","NL",11.44,"F","CT","NL (females)",2
"NL3294","NL",11.23,"F","TT","NL (females)",1
"NL3295","NL",11.7,"F","TT","NL (females)",1
"NL3296","NL",11.91,"F","TT","NL (females)",1
"NL3299","NL",11.8,"F","TT","NL (females)",1
"NL3300","NL",11.16,"F","CT","NL (females)",2
"NL3301","NL",10.68,"F","CT","NL (females)",2
"NL3302","NL",11.31,"F","CT","NL (females)",2
"NL3303","NL",11.09,"F","CT","NL (females)",2
"NL3304","NL",11.15,"F","CT","NL (females)",2
"NL3305","NL",11.56,"F","TT","NL (females)",1
"NL3307","NL",10.79,"F","TT","NL (females)",1
"NL3314","NL",12.06,"F","CT","NL (females)",2
"NL3318","NL",11.07,"F","TT","NL (females)",1
"NL3319","NL",11.43,"F","CT","NL (females)",2
"NL3320","NL",11.12,"F","CT","NL (females)",2
"NL3324","NL",11.42,"F","TT","NL (females)",1
"NL3325","NL",11.38,"F","TT","NL (females)",1
"NL3327","NL",11.23,"F","CT","NL (females)",2
"NL3328","NL",11.3,"F","CT","NL (females)",2
"NL3330","NL",11.34,"F","CT","NL (females)",2
"NL3331","NL",11.17,"F","CT","NL (females)",2
"NL3332","NL",11.84,"F","CT","NL (females)",2
"NL3333","NL",12.86,"F","CT","NL (females)",2
"NL3334","NL",11.53,"F","CT","NL (females)",2
"NL3335","NL",12.7,"F","CT","NL (females)",2
"NL3337","NL",11.43,"F","TT","NL (females)",1
"NL3342","NL",11.72,"F","TT","NL (females)",1
"NL3343","NL",11.15,"F","TT","NL (females)",1
"NL3344","NL",11.68,"F","TT","NL (females)",1
"NL3345","NL",10.85,"F","CT","NL (females)",2
"NL3347","NL",11.05,"F","TT","NL (females)",1
"NL3348","NL",10.94,"F","CT","NL (females)",2
"NL3349","NL",11.98,"F","CT","NL (females)",2
"NL3350","NL",10.87,"F","CT","NL (females)",2
"NL3355","NL",12.9,"F","CC","NL (females)",3
"NL3359","NL",10.81,"F","CT","NL (females)",2
"NL3362","NL",11.48,"F","CC","NL (females)",3
"NL3363","NL",10.05,"F","TT","NL (females)",1
"NL3364","NL",11.78,"F","TT","NL (females)",1
"NL3366","NL",11.79,"F","CT","NL (females)",2
"NL627","NL",11.2,"F","TT","NL (females)",1
"T640328","UK",13.5,"F","CC","UK (females)",3
"T640673","UK",13.2,"M","CT","UK (males)",2
"T640675","UK",12.8,"M","CT","UK (males)",2
"T640728","UK",12.9,"F","CC","UK (females)",3
"T640776","UK",12.8,"M","CC","UK (males)",3
"TC58648","UK",12.8,"M","TT","UK (males)",1
"TC58655","UK",13,"F","CT","UK (females)",2
"TC59093","UK",14.1,"M","CT","UK (males)",2
"TC59676","UK",12.8,"M","CT","UK (males)",2
"TJ24755","UK",13.5,"M","CC","UK (males)",3
"TJ24770","UK",13.6,"M","CT","UK (males)",2
"TJ24810","UK",13.2,"M","CT","UK (males)",2
"TJ24834","UK",14.1,"F","CT","UK (females)",2
"TJ24861","UK",13.7,"M","CC","UK (males)",3
"TJ24880","UK",12.7,"M","TT","UK (males)",1
"TJ24902","UK",14.5,"M","CC","UK (males)",3
"TJ25269","UK",13.4,"F","CC","UK (females)",3
"TJ26128","UK",13,"M","CC","UK (males)",3
"TJ26252","UK",11.5,"F","TT","UK (females)",1
"TJ26568","UK",12.4,"F","TT","UK (females)",1
"TJ26665","UK",13,"F","CT","UK (females)",2
"TJ27562","UK",12.3,"M","TT","UK (males)",1
"TJ40863","UK",13,"M","CT","UK (males)",2
"TK25698","UK",12.9,"F","TT","UK (females)",1
"TK26867","UK",13.3,"M","CT","UK (males)",2
"TK27150","UK",13.3,"M","CC","UK (males)",3
"TL36340","UK",11.8,"M","CT","UK (males)",2
"TL36368","UK",12.6,"F","CT","UK (females)",2
"TL37132","UK",12.5,"M","CT","UK (males)",2
"TL37158","UK",13.3,"F","CT","UK (females)",2
"TL37538","UK",13.5,"M","TT","UK (males)",1
"TL37539","UK",13.3,"F","CC","UK (females)",3
"TL37638","UK",12.7,"M","TT","UK (males)",1
"TL37665","UK",13.9,"M","CT","UK (males)",2
"TL37748","UK",14.5,"F","CC","UK (females)",3
"TL37756","UK",13.4,"F","CC","UK (females)",3
"TL37775","UK",13.3,"M","CC","UK (males)",3
"TL38226","UK",12,"M","TT","UK (males)",1
"TL39121","UK",13.7,"M","CC","UK (males)",3
"TP25604","UK",12.1,"F","CT","UK (females)",2
"TP28779","UK",13.4,"F","CC","UK (females)",3
"TP41544","UK",12.6,"F","CT","UK (females)",2
"TP41653","UK",12.7,"F","CT","UK (females)",2
"TP41818","UK",13.1,"F","TT","UK (females)",1
"TP41854","UK",12.7,"F","CT","UK (females)",2
"TP42059","UK",12.5,"M","CT","UK (males)",2
"TR40051","UK",13,"F","CT","UK (females)",2
"TR40183","UK",13.5,"F","CT","UK (females)",2
"TR40363","UK",14.2,"F","CC","UK (females)",3
"TR42058","UK",13.7,"F","CT","UK (females)",2
"TR42079","UK",12.4,"M","CT","UK (males)",2
"TR42233","UK",13.6,"F","CT","UK (females)",2
"TR42713","UK",12.9,"M","CT","UK (males)",2
"TR43661","UK",12,"F","CT","UK (females)",2
"TR43666","UK",12,"M","CT","UK (males)",2
"V279628","UK",13.1,"M","CT","UK (males)",2
"V729628","UK",13,"M","CT","UK (males)",2
"X235208","UK",12.1,"F","TT","UK (females)",1
"X235502","UK",12.9,"F","CT","UK (females)",2
"X235604","UK",14.2,"M","TT","UK (males)",1
"X235629","UK",13.9,"M","CT","UK (males)",2
"X235631","UK",12.7,"F","CT","UK (females)",2
"X237904","UK",12.9,"F","CT","UK (females)",2
"X237911","UK",12.8,"M","CT","UK (males)",2
"X237918","UK",13,"M","CC","UK (males)",3
"X239571","UK",14,"F","CT","UK (females)",2
"X239704","UK",12.3,"F","CT","UK (females)",2
"X239846","UK",13.2,"F","TT","UK (females)",1
"X239901","UK",13.1,"F","CC","UK (females)",3
"X661866","UK",12.4,"M","CT","UK (males)",2
"X805880","UK",12.6,"F","CT","UK (females)",2
"Y033816","UK",13.2,"M","CT","UK (males)",2
"Y033824","UK",13.5,"F","CT","UK (females)",2
"Y033835","UK",13.4,"M","TT","UK (males)",1
"Y034702","UK",13,"F","TT","UK (females)",1
"Y034724","UK",13.7,"M","TT","UK (males)",1
